select CAST(1-2 AS UNSIGNED);
CAST(1-2 AS UNSIGNED)
18446744073709551615
select CAST(CAST(1-2 AS UNSIGNED) AS SIGNED INTEGER);
CAST(CAST(1-2 AS UNSIGNED) AS SIGNED INTEGER)
-1
select CAST('10 ' as unsigned integer);
CAST('10 ' as unsigned integer)
10
select CAST('10x' as unsigned integer);
CAST('10x' as unsigned integer)
10
select cast(-5 as unsigned) | 1, cast(-5 as unsigned) & -1;
cast(-5 as unsigned) | 1	cast(-5 as unsigned) & -1
18446744073709551611	18446744073709551611
select cast(-5 as unsigned) -1, cast(-5 as unsigned) + 1;
cast(-5 as unsigned) -1	cast(-5 as unsigned) + 1
18446744073709551610	18446744073709551612
select ~5, cast(~5 as signed);
~5	cast(~5 as signed)
18446744073709551610	-6
select cast(5 as unsigned) -6.0;
cast(5 as unsigned) -6.0
-1.0
select cast(NULL as signed), cast(1/0 as signed);
cast(NULL as signed)	cast(1/0 as signed)
null	null
select cast("2001-1-1" as DATE), cast("2001-1-1" as DATETIME);
cast("2001-1-1" as DATE)	cast("2001-1-1" as DATETIME)
2001-01-01	2001-01-01 00:00:00
select 10+'10';
10+'10'
20.0
select 10.0+'10';
10.0+'10'
20.0
select 10E+0+'10';
10E+0+'10'
20.0
select CAST(0xb3 as signed);
CAST(0xb3 as signed)
179
select CAST(0x8fffffffffffffff as signed);
CAST(0x8fffffffffffffff as signed)
-8070450532247928833
select CAST(0xffffffffffffffff as unsigned);
CAST(0xffffffffffffffff as unsigned)
18446744073709551615
select CAST(0xfffffffffffffffe as signed);
CAST(0xfffffffffffffffe as signed)
-2
select cast('-10a' as signed integer);
cast('-10a' as signed integer)
-10
select cast('a10' as unsigned integer);
cast('a10' as unsigned integer)
0
select 10+'a';
10+'a'
10.0
select 10.0+cast('a' as decimal);
10.0+cast('a' as decimal)
10.0
select 10E+0+'a';
10E+0+'a'
10.0
select cast('18446744073709551616' as unsigned);
cast('18446744073709551616' as unsigned)
18446744073709551615
select cast('18446744073709551616' as signed);
cast('18446744073709551616' as signed)
-1
select cast('9223372036854775809' as signed);
cast('9223372036854775809' as signed)
-9223372036854775807
select cast('-1' as unsigned);
cast('-1' as unsigned)
18446744073709551615
select cast('abc' as signed);
cast('abc' as signed)
0
select cast('1a' as signed);
cast('1a' as signed)
1
select cast('' as signed);
cast('' as signed)
0
select cast("2001-1-1" as date) = "2001-01-01";
cast("2001-1-1" as date) = "2001-01-01"
1
select cast("2001-1-1" as datetime) = "2001-01-01 00:00:00";
cast("2001-1-1" as datetime) = "2001-01-01 00:00:00"
1
select cast(NULL as DATE);
cast(NULL as DATE)
null
CREATE TABLE t1 (a enum ('aac','aab','aaa') not null);
INSERT INTO t1 VALUES ('aaa'),('aab'),('aac');
SELECT a, CAST(a AS CHAR) FROM t1 ORDER BY CAST(a AS UNSIGNED) ;
a	CAST(a AS CHAR)
aac	aac
aab	aab
aaa	aaa
SELECT a, CAST(a AS UNSIGNED) FROM t1 ORDER BY CAST(a AS CHAR) ;
a	CAST(a AS UNSIGNED)
aaa	3
aab	2
aac	1
DROP TABLE t1;
select date_add(cast('2004-12-30 12:00:00' as date), interval 0 hour);
date_add(cast('2004-12-30 12:00:00' as date), interval 0 hour)
2004-12-30 00:00:00
select cast(18446744073709551615 as unsigned);
cast(18446744073709551615 as unsigned)
18446744073709551615
select cast(18446744073709551615 as signed);
cast(18446744073709551615 as signed)
-1
select cast('18446744073709551615' as unsigned);
cast('18446744073709551615' as unsigned)
18446744073709551615
select cast('18446744073709551615' as signed);
cast('18446744073709551615' as signed)
-1
select cast('9223372036854775807' as signed);
cast('9223372036854775807' as signed)
9223372036854775807
select cast(concat_ws('184467440','73709551615') as unsigned);
cast(concat_ws('184467440','73709551615') as unsigned)
73709551615
select cast(concat_ws('184467440','73709551615') as signed);
cast(concat_ws('184467440','73709551615') as signed)
73709551615
select cast(1.0e+300 as signed int);
cast(1.0e+300 as signed int)
9223372036854775807
CREATE TABLE t1 (f1 double);
INSERT INTO t1 SET f1 = -1.0e+30 ;
INSERT INTO t1 SET f1 = +1.0e+30 ;
SELECT f1 AS double_val, CAST(f1 AS SIGNED INT) AS cast_val FROM t1;
double_val	cast_val
-1.0E30	-9223372036854775808
1.0E30	9223372036854775807
DROP TABLE t1;
SELECT CAST(cast('01-01-01' as date) AS UNSIGNED);
CAST(cast('01-01-01' as date) AS UNSIGNED)
20010101
SELECT CAST(cast('01-01-01' as date) AS SIGNED);
CAST(cast('01-01-01' as date) AS SIGNED)
20010101
select cast('1.2' as decimal(3,2));
cast('1.2' as decimal(3,2))
1.20
select 1e18 * cast('1.2' as decimal(3,2));
1e18 * cast('1.2' as decimal(3,2))
1.2E18
select cast(cast('1.2' as decimal(3,2)) as signed);
cast(cast('1.2' as decimal(3,2)) as signed)
1
select cast(-1e18 as decimal(22,2));
cast(-1e18 as decimal(22,2))
-1000000000000000000.00
create table t1(s1 timestamp);
insert into t1 values ('2020-12-03 11:11:11');
select cast(s1 as decimal(7,2)) from t1;
cast(s1 as decimal(7,2))
99999.99
drop table t1;
CREATE TABLE t1 (v varchar(10), tt char(255), t char(255),mt char(255), lt char(255));
INSERT INTO t1 VALUES ('1.01', '2.02', '3.03', '4.04', '5.05');
SELECT CAST(v AS DECIMAL), CAST(tt AS DECIMAL), CAST(t AS DECIMAL), CAST(mt AS DECIMAL), CAST(lt AS DECIMAL) from t1;
CAST(v AS DECIMAL)	CAST(tt AS DECIMAL)	CAST(t AS DECIMAL)	CAST(mt AS DECIMAL)	CAST(lt AS DECIMAL)
1	2	3	4	5
DROP TABLE t1;
select cast(NULL as decimal(6)) as t1;
t1
null
CREATE TABLE t1 (d1 datetime);
INSERT INTO t1(d1) VALUES ('2007-07-19 08:30:00'), (NULL), ('2007-07-19 08:34:00'), (NULL), ('2007-07-19 08:36:00');
SELECT cast(date(d1) as signed) FROM t1;
cast(date(d1) as signed)
20070719
null
20070719
null
20070719
drop table t1;
CREATE TABLE t1 (f1 DATE);
INSERT INTO t1 VALUES ('2007-07-19'), (NULL);
SELECT HOUR(f1),MINUTE(f1),SECOND(f1) FROM t1;
HOUR(f1)	MINUTE(f1)	SECOND(f1)
0	0	0
null	null	null
SELECT HOUR(CAST('2007-07-19' AS DATE)),MINUTE(CAST('2007-07-19' AS DATE)),SECOND(CAST('2007-07-19' AS DATE));
HOUR(CAST('2007-07-19' AS DATE))	MINUTE(CAST('2007-07-19' AS DATE))	SECOND(CAST('2007-07-19' AS DATE))
0	0	0
SELECT HOUR(CAST(NULL AS DATE)),MINUTE(CAST(NULL AS DATE)),SECOND(CAST(NULL AS DATE));
HOUR(CAST(NULL AS DATE))	MINUTE(CAST(NULL AS DATE))	SECOND(CAST(NULL AS DATE))
null	null	null
SELECT HOUR(NULL),MINUTE(NULL),SECOND(NULL);
HOUR(NULL)	MINUTE(NULL)	SECOND(NULL)
null	null	null
DROP TABLE t1;
CREATE TABLE t (c1 ENUM('a','b','c'));
INSERT INTO t VALUES ('a'), ('b'), ('c');
SELECT CAST(c1 AS UNSIGNED) AS c5 FROM t;
c5
1
2
3
SELECT CAST(c1 AS UNSIGNED) AS c5 FROM (SELECT c1 FROM t) t;
c5
1
2
3
DROP TABLE t;
SELECT CAST(1/3 AS FLOAT) as float_col,CAST(1/3 AS DOUBLE) as double_col, CAST(1/3 AS REAL) as real_col;
float_col	double_col	real_col
0.333333	0.333333333	0.333333333
SELECT CAST(DATE'2000-01-01' AS FLOAT), CAST(DATE'2000-01-01' AS DOUBLE);
CAST(DATE'2000-01-01' AS FLOAT)	CAST(DATE'2000-01-01' AS DOUBLE)
2.00001E7	2.0000101E7
SELECT CAST(TIMESTAMP'2000-01-01 23:59:59' AS FLOAT), CAST(TIMESTAMP'2000-01-01 23:59:59' AS DOUBLE);
CAST(TIMESTAMP'2000-01-01 23:59:59' AS FLOAT)	CAST(TIMESTAMP'2000-01-01 23:59:59' AS DOUBLE)
2.00001E13	2.0000101235959E13
SELECT CAST(TIMESTAMP'2000-01-01 23:59:59.123456' AS FLOAT), CAST(TIMESTAMP'2000-01-01 23:59:59.123456' AS DOUBLE);
CAST(TIMESTAMP'2000-01-01 23:59:59.123456' AS FLOAT)	CAST(TIMESTAMP'2000-01-01 23:59:59.123456' AS DOUBLE)
2.00001E13	2.0000101235959125E13
SELECT CAST(NULL AS REAL), CAST(NULL AS FLOAT), CAST(NULL AS DOUBLE);
CAST(NULL AS REAL)	CAST(NULL AS FLOAT)	CAST(NULL AS DOUBLE)
null	null	null
CREATE TABLE t (col_datetime datetime, col_date date, col_char char);
insert into t values ('2013-03-15 18:35:20', '2013-03-15','L'),('2003-01-10 00:00:23', '2003-01-10', NULL);
SELECT CAST(col_char AS DATETIME) FROM t;
CAST(col_char AS DATETIME)
null
null
SELECT col_char <> col_datetime FROM t;
col_char <> col_datetime
1
null
SELECT CAST(col_char AS DATE) FROM t;
CAST(col_char AS DATE)
null
null
SELECT col_char <> col_date FROM t;
col_char <> col_date
1
null
SELECT CAST(col_char as TIME) FROM t;
CAST(col_char as TIME)
null
null
DROP TABLE t;
CREATE TABLE `BB` (`col_char_key` char(1));
CREATE TABLE `CC` ( `pk` int, `col_datetime_key` datetime);
INSERT INTO `BB` VALUES ('X');
INSERT INTO `CC` VALUES (1,'2027-03-17 00:10:00'), (2,'2004-11-14 12:46:43');
SELECT COUNT(table1.pk) FROM CC table1 JOIN BB table3 JOIN CC table2
WHERE (table3.col_char_key < table2.col_datetime_key);
COUNT(table1.pk)
4
DROP TABLE `BB`;
DROP TABLE `CC`;
create table t1(f1 date, f2 timestamp, f3 datetime);
insert into t1 values ("2006-01-01", "2006-01-01 12:01:01", "2006-01-01 12:01:01");
insert into t1 values ("2006-01-02", "2006-01-02 12:01:02", "2006-01-02 12:01:02");
select f1 from t1 where f1 between CAST("2006-1-1" as date) and CAST(20060101 as date);
f1
2006-01-01
select f1 from t1 where f1 between cast("2006-1-1" as date) and cast("2006.1.1" as date);
f1
2006-01-01
select f1 from t1 where date(f1) between cast("2006-1-1" as date) and cast("2006.1.1" as date);
f1
2006-01-01
select f3 from t1 where f3 between cast("2006-1-1 12:1:1" as datetime) and cast("2006-1-1 12:1:2" as datetime);
f3
2006-01-01 12:01:01
select f3 from t1 where timestamp(f3) between cast("2006-1-1 12:1:1" as datetime) and cast("2006-1-1 12:1:2" as datetime);
f3
2006-01-01 12:01:01
select f1 from t1 where cast("2006-1-1" as date) between f1 and f3;
f1
2006-01-01
select f1 from t1 where cast("2006-1-1" as date) between date(f1) and date(f3);
f1
2006-01-01
select f1 from t1 where cast("2006-1-1" as date) between f1 and cast('zzz' as date);
f1
drop table t1;
create table t1 (field DATE);
insert into t1 values ('2006-11-06');
select * from t1 where field < '2006-11-06 04:08:36.0';
field
2006-11-06
select * from t1 where field = '2006-11-06 04:08:36.0';
field
select * from t1 where field = '2006-11-06';
field
2006-11-06
select * from t1 where CAST(field as DATETIME) < '2006-11-06 04:08:36.0';
field
2006-11-06
select * from t1 where CAST(field as DATE) < '2006-11-06 04:08:36.0';
field
2006-11-06
drop table t1;
create table t1 (a int(11) unsigned, b int(11) unsigned);
insert into t1 values (1,0), (1,1), (4294967295,1);
select a-b  from t1 order by 1;
a-b
0
1
4294967294
select a-b , (a-b < 0)  from t1 order by 1;
a-b	(a-b < 0)
0	0
1	0
4294967294	0
select any_value(a)-b as d, (any_value(a)-b >= 0), b from t1 group by b having d >= 0;
d	(any_value(a)-b >= 0)	b
1	1	0
0	1	1
select cast((a - b) as unsigned) from t1 order by 1;
cast((a - b) as unsigned)
0
1
4294967294
drop table t1;
select if(1, cast(1111111111111111111 as unsigned), 1) i, case when 1 then cast(1111111111111111111 as unsigned) else 1 end c, coalesce(cast(1111111111111111111 as unsigned), 1) co;
i	c	co
1111111111111111111	1111111111111111111	1111111111111111111
CREATE TABLE t1 (f1 int,
gc_int int AS (f1 + 1) ,
gc_date DATE AS (f1 + 1));
INSERT INTO t1(f1) VALUES
(030303),(040404),
(050505),(060606),
(010101),(020202),
(030303),(040404),
(050505),(060606),
(010101),(020202),
(090909),(101010),
(010101),(020202),
(070707),(080808);
SELECT * FROM t1 WHERE f1 + 1 > 070707;
f1	gc_int	gc_date
90909	90910	2009-09-10
101010	101011	2010-10-11
70707	70708	2007-07-08
80808	80809	2008-08-09
SELECT * FROM t1 WHERE f1 + 1 > CAST(070707 AS DATE);
f1	gc_int	gc_date
DROP TABLE t1;
