select unix_timestamp(utc_timestamp())-unix_timestamp(current_timestamp());
unix_timestamp(utc_timestamp())-unix_timestamp(current_timestamp())
25200
create table t1 (ts timestamp);
set time_zone='+00:00';
select unix_timestamp(utc_timestamp())-unix_timestamp(current_timestamp());
unix_timestamp(utc_timestamp())-unix_timestamp(current_timestamp())
0
insert into t1 (ts) values ('2003-03-30 02:30:00');
set time_zone='+10:30';
select unix_timestamp(utc_timestamp())-unix_timestamp(current_timestamp());
unix_timestamp(utc_timestamp())-unix_timestamp(current_timestamp())
-37800
insert into t1 (ts) values ('2003-03-30 02:30:00');
set time_zone='-10:00';
select unix_timestamp(utc_timestamp())-unix_timestamp(current_timestamp());
unix_timestamp(utc_timestamp())-unix_timestamp(current_timestamp())
36000
insert into t1 (ts) values ('2003-03-30 02:30:00');
select * from t1;
ts
2003-03-29 16:30:00
2003-03-29 06:00:00
2003-03-30 02:30:00
drop table t1;
select utc_timestamp()-utc_timestamp(),weekday(current_timestamp())-weekday(utc_timestamp()),unix_timestamp()-unix_timestamp(utc_timestamp());
utc_timestamp()-utc_timestamp()	weekday(current_timestamp())-weekday(utc_timestamp())	unix_timestamp()-unix_timestamp(utc_timestamp())
0	0	-36000
CREATE TABLE t1 (a TIMESTAMP);
INSERT INTO t1 VALUES (utc_timestamp()), (utc_timestamp());
SELECT 1 FROM t1 ORDER BY 1;
1
1
1
DROP TABLE t1;
DROP TABLE if exists t1;
create table t1 (a int primary key auto_increment, b int, c int, d timestamp default current_timestamp);
insert into t1 values(null,1,1,utc_timestamp());
insert into t1 values(null,0,0,null);
select a,b,c,year(d) from t1;
a	b	c	year(d)
1	1	1	2022
2	0	0	null
DROP TABLE t1;
CREATE TABLE t1 (a TIMESTAMP);
INSERT INTO t1 VALUES (utc_timestamp()),(utc_timestamp()),(utc_timestamp());
SELECT year(a) FROM t1 WHERE a > '2008-01-01';
year(a)
2022
2022
2022
DROP TABLE t1;
